Period,Consumer Price Index  (2012=100),Index of Industrial Production,Wholesale Price Index (2011-12=100),Consumer Price Index for Agricultural Labourer,Consumer Price Index for Rural Labourer,Consumer Price Index for Food and Beverages,Net Foreign Direct Investment (US $ Million),FCNR(B)-Foreign Currency Non-Resident (Banks) (US $ Million),Foreign Trade Exports Total (US $ Million),Foreign Trade Imports Total (US $ Million),Foreign Trade Balance Total (US $ Million),Market Borrowing SG Gross Amount Raised (in Crore),Exchange Rate of Indian Rupee to US Dollar (Month End),rolling_mean_Commercial Paper (Amount Outstanding) (in Crore),rolling_mean_Direct Investment to India (US $ Million),rolling_mean_Foreign Direct Investment By India (US $ Million),rolling_mean_Net Portfolio Investment (US $ Million),rolling_mean_Total Investment Inflows (US $ Million),rolling_mean_External Commercial Borrowings Registrations (US $ Million),Consumer Price Index  (2012=100)_lag_1,Consumer Price Index  (2012=100)_lag_2,Consumer Price Index  (2012=100)_lag_3,Consumer Price Index  (2012=100)_lag_4,Consumer Price Index  (2012=100)_lag_5,Consumer Price Index  (2012=100)_lag_6,Consumer Price Index for Agricultural Labourer_lag_1,Consumer Price Index for Agricultural Labourer_lag_2,Consumer Price Index for Agricultural Labourer_lag_3,Consumer Price Index for Agricultural Labourer_lag_4,Consumer Price Index for Agricultural Labourer_lag_5,Consumer Price Index for Agricultural Labourer_lag_6,Consumer Price Index for Rural Labourer_lag_1,Consumer Price Index for Rural Labourer_lag_2,Consumer Price Index for Rural Labourer_lag_3,Consumer Price Index for Rural Labourer_lag_4,Consumer Price Index for Rural Labourer_lag_5,Consumer Price Index for Rural Labourer_lag_6,Consumer Price Index for Food and Beverages_lag_1,Consumer Price Index for Food and Beverages_lag_2,Consumer Price Index for Food and Beverages_lag_3,Consumer Price Index for Food and Beverages_lag_4,Consumer Price Index for Food and Beverages_lag_5,Consumer Price Index for Food and Beverages_lag_6
2018-11-01,140.8,126.1,121.6,914.0,921.0,139.7,1076.61,20433.31,26071.56,43655.19,-17583.62,39183.65,69.66,578026.56,3194.208333333334,985.6016666666666,-741.045,1467.5600000000002,2483.1666666666665,140.43333333333334,140.13333333333335,139.5666666666667,138.70000000000002,137.79999999999998,137.13333333333333,910.0,906.3333333333334,901.0,895.6666666666666,891.0,888.6666666666666,917.3333333333334,914.0,909.0,903.6666666666666,899.0,896.3333333333334,140.66666666666666,141.16666666666666,140.83333333333334,139.63333333333333,138.33333333333334,137.6
2018-12-01,140.1,133.9,119.7,913.0,921.0,138.2,3112.49,20839.86,27858.29,42351.02,-14492.73,43896.48,69.79,579175.8250000001,3397.713333333333,944.4466666666667,-318.08500000000004,2135.1783333333337,2665.1666666666665,140.56666666666666,140.43333333333334,140.13333333333335,139.5666666666667,138.70000000000002,137.79999999999998,912.3333333333334,910.0,906.3333333333334,901.0,895.6666666666666,891.0,919.3333333333334,917.3333333333334,914.0,909.0,903.6666666666666,899.0,140.0,140.66666666666666,141.16666666666666,140.83333333333334,139.63333333333333,138.33333333333334
2019-01-01,139.6,134.4,119.2,915.0,923.0,137.4,3681.52,21413.04,26407.36,41455.21,-15047.85,61131.15,71.03,560711.0816666667,3604.5783333333334,839.1416666666668,-1183.6200000000001,1581.8116666666665,2705.5,140.53333333333333,140.56666666666666,140.43333333333334,140.13333333333335,139.5666666666667,138.70000000000002,913.3333333333334,912.3333333333334,910.0,906.3333333333334,901.0,895.6666666666666,920.6666666666666,919.3333333333334,917.3333333333334,914.0,909.0,903.6666666666666,139.26666666666665,140.0,140.66666666666666,141.16666666666666,140.83333333333334,139.63333333333333
2019-02-01,139.9,127.6,119.5,917.0,925.0,137.5,1949.2,21623.3,26862.08,36591.13,-9729.05,67735.0,71.2,542130.255,3597.8283333333334,838.6816666666667,-516.0933333333332,2243.048333333333,2369.6666666666665,140.16666666666666,140.53333333333333,140.56666666666666,140.43333333333334,140.13333333333335,139.5666666666667,914.0,913.3333333333334,912.3333333333334,910.0,906.3333333333334,901.0,921.6666666666666,920.6666666666666,919.3333333333334,917.3333333333334,914.0,909.0,138.43333333333334,139.26666666666665,140.0,140.66666666666666,141.16666666666666,140.83333333333334
2019-03-01,140.4,144.1,119.9,924.0,932.0,138.1,789.18,23170.18,32725.19,43690.44,-10965.26,62298.26,69.17,529944.6366666666,3359.2383333333332,1071.0433333333333,1220.875,3509.063333333333,4206.166666666667,139.86666666666667,140.16666666666666,140.53333333333333,140.56666666666666,140.43333333333334,140.13333333333335,915.0,914.0,913.3333333333334,912.3333333333334,910.0,906.3333333333334,923.0,921.6666666666666,920.6666666666666,919.3333333333334,917.3333333333334,914.0,137.70000000000002,138.43333333333334,139.26666666666665,140.0,140.66666666666666,141.16666666666666
2019-04-01,141.2,126.5,121.1,932.0,939.0,139.4,4385.56,24579.71,26037.65,42387.26,-16349.6,29572.0,69.84,522477.4933333334,3525.23,1026.1366666666665,2032.3100000000002,4531.400000000001,4497.333333333333,139.96666666666667,139.86666666666667,140.16666666666666,140.53333333333333,140.56666666666666,140.43333333333334,918.6666666666666,915.0,914.0,913.3333333333334,912.3333333333334,910.0,926.6666666666666,923.0,921.6666666666666,920.6666666666666,919.3333333333334,917.3333333333334,137.66666666666666,137.70000000000002,138.43333333333334,139.26666666666665,140.0,140.66666666666666
2019-05-01,142.0,135.4,121.6,940.0,948.0,140.9,2818.36,24318.28,29849.71,46683.35,-16833.65,22100.0,69.81,521039.1083333334,3941.691666666666,1152.3083333333332,1839.8149999999998,4629.196666666666,4744.333333333333,140.5,139.96666666666667,139.86666666666667,140.16666666666666,140.53333333333333,140.56666666666666,924.3333333333334,918.6666666666666,915.0,914.0,913.3333333333334,912.3333333333334,932.0,926.6666666666666,923.0,921.6666666666666,920.6666666666666,919.3333333333334,138.33333333333334,137.66666666666666,137.70000000000002,138.43333333333334,139.26666666666665,140.0
2019-06-01,144.1,129.3,121.5,950.0,957.0,142.7,6788.6,24363.94,25027.35,41032.49,-16005.15,29851.0,68.92,521908.2166666666,4497.346666666666,1095.28,2379.7633333333333,5781.829999999999,5009.833333333333,141.20000000000002,140.5,139.96666666666667,139.86666666666667,140.16666666666666,140.53333333333333,932.0,924.3333333333334,918.6666666666666,915.0,914.0,913.3333333333334,939.6666666666666,932.0,926.6666666666666,923.0,921.6666666666666,920.6666666666666,139.46666666666667,138.33333333333334,137.66666666666666,137.70000000000002,138.43333333333334,139.26666666666665
2019-07-01,144.2,131.8,121.3,958.0,965.0,144.7,3482.41,23974.87,26231.64,40430.65,-14199.01,50606.4,68.86,518686.8166666667,4603.098333333333,1234.2166666666665,2516.2233333333334,5885.106666666667,5437.166666666667,142.4333333333333,141.20000000000002,140.5,139.96666666666667,139.86666666666667,140.16666666666666,940.6666666666666,932.0,924.3333333333334,918.6666666666666,915.0,914.0,948.0,939.6666666666666,932.0,926.6666666666666,923.0,921.6666666666666,141.0,139.46666666666667,138.33333333333334,137.66666666666666,137.70000000000002,138.43333333333334
2019-08-01,145.0,126.2,121.5,965.0,972.0,145.9,1850.74,23895.34,25987.94,39852.08,-13864.15,44553.0,71.76,514747.7666666666,4646.186666666667,1293.715,2259.9249999999997,5612.3983333333335,5521.333333333333,143.4333333333333,142.4333333333333,141.20000000000002,140.5,139.96666666666667,139.86666666666667,949.3333333333334,940.6666666666666,932.0,924.3333333333334,918.6666666666666,915.0,956.6666666666666,948.0,939.6666666666666,932.0,926.6666666666666,923.0,142.76666666666665,141.0,139.46666666666667,138.33333333333334,137.66666666666666,137.70000000000002
2019-09-01,145.8,122.9,121.3,976.0,983.0,147.0,1981.31,24499.88,26013.73,37694.82,-11681.09,48763.0,70.69,510857.375,4597.871666666667,1046.7116666666666,1219.855,4771.018333333333,4215.333333333333,144.4333333333333,143.4333333333333,142.4333333333333,141.20000000000002,140.5,139.96666666666667,957.6666666666666,949.3333333333334,940.6666666666666,932.0,924.3333333333334,918.6666666666666,964.6666666666666,956.6666666666666,948.0,939.6666666666666,932.0,926.6666666666666,144.43333333333334,142.76666666666665,141.0,139.46666666666667,138.33333333333334,137.66666666666666
2019-10-01,147.2,124.0,122.0,987.0,993.0,149.6,2646.2,24710.1,26212.39,37986.37,-11773.98,60160.76,70.81,497427.86666666664,4351.846666666667,1090.5783333333331,1464.6966666666667,4725.965,4258.166666666667,145.0,144.4333333333333,143.4333333333333,142.4333333333333,141.20000000000002,140.5,966.3333333333334,957.6666666666666,949.3333333333334,940.6666666666666,932.0,924.3333333333334,973.3333333333334,964.6666666666666,956.6666666666666,948.0,939.6666666666666,932.0,145.86666666666667,144.43333333333334,142.76666666666665,141.0,139.46666666666667,138.33333333333334
2019-11-01,148.6,128.8,122.3,1000.0,1006.0,151.9,2770.46,24325.73,25744.49,38523.24,-12778.75,46020.85,71.73,481833.2166666666,4280.836666666667,1027.55,2135.4500000000003,5388.735000000001,4019.5,146.0,145.0,144.4333333333333,143.4333333333333,142.4333333333333,141.20000000000002,976.0,966.3333333333334,957.6666666666666,949.3333333333334,940.6666666666666,932.0,982.6666666666666,973.3333333333334,964.6666666666666,956.6666666666666,948.0,939.6666666666666,147.5,145.86666666666667,144.43333333333334,142.76666666666665,141.0,139.46666666666667
2019-12-01,150.4,134.5,123.0,1014.0,1019.0,155.0,4326.41,24017.92,27096.05,39594.1,-12498.05,47477.47,71.27,466993.7166666666,3937.758333333333,1094.8349999999998,1717.591666666667,4560.513333333333,3469.1666666666665,147.20000000000002,146.0,145.0,144.4333333333333,143.4333333333333,142.4333333333333,987.6666666666666,976.0,966.3333333333334,957.6666666666666,949.3333333333334,940.6666666666666,994.0,982.6666666666666,973.3333333333334,964.6666666666666,956.6666666666666,948.0,149.5,147.5,145.86666666666667,144.43333333333334,142.76666666666665,141.0
2020-01-01,150.2,128.58333333333331,123.4,1016.0,1021.0,153.5,5251.88,24407.9,25853.3,41149.5,-15296.19,75193.0,71.51,452423.05833333335,4195.668333333334,1057.8333333333333,1981.1816666666666,5119.015,4039.1666666666665,148.73333333333332,147.20000000000002,146.0,145.0,144.4333333333333,143.4333333333333,1000.3333333333334,987.6666666666666,976.0,966.3333333333334,957.6666666666666,949.3333333333334,1006.0,994.0,982.6666666666666,973.3333333333334,964.6666666666666,956.6666666666666,152.16666666666666,149.5,147.5,145.86666666666667,144.43333333333334,142.76666666666665
2020-02-01,149.1,134.2,122.2,1010.0,1016.0,150.5,2737.1,24241.58,27742.76,37904.47,-10161.71,66257.32,72.19,436260.3083333333,4405.316666666667,1119.7549999999999,1850.3283333333336,5135.888333333333,4182.166666666667,149.73333333333335,148.73333333333332,147.20000000000002,146.0,145.0,144.4333333333333,1010.0,1000.3333333333334,987.6666666666666,976.0,966.3333333333334,957.6666666666666,1015.3333333333334,1006.0,994.0,982.6666666666666,973.3333333333334,964.6666666666666,153.46666666666667,152.16666666666666,149.5,147.5,145.86666666666667,144.43333333333334
2020-03-01,148.6,117.2,120.4,1007.0,1013.0,148.9,3974.17,24244.06,21490.67,31470.92,-9980.25,117951.74,75.39,417057.7833333334,4736.488333333334,1118.7833333333333,-985.9549999999999,2631.7483333333334,4606.833333333333,149.9,149.73333333333335,148.73333333333332,147.20000000000002,146.0,145.0,1013.3333333333334,1010.0,1000.3333333333334,987.6666666666666,976.0,966.3333333333334,1018.6666666666666,1015.3333333333334,1006.0,994.0,982.6666666666666,973.3333333333334,153.0,153.46666666666667,152.16666666666666,149.5,147.5,145.86666666666667
2020-04-01,151.4,54.0,119.2,1014.0,1019.0,154.0,186.42,23112.21,10173.26,17085.78,-6912.51,60055.0,75.12,409544.1666666667,4273.5616666666665,1065.8216666666665,-1744.62,1463.1216666666667,4203.666666666667,149.29999999999998,149.9,149.73333333333335,148.73333333333332,147.20000000000002,146.0,1011.0,1013.3333333333334,1010.0,1000.3333333333334,987.6666666666666,976.0,1016.6666666666666,1018.6666666666666,1015.3333333333334,1006.0,994.0,982.6666666666666,150.96666666666667,153.0,153.46666666666667,152.16666666666666,149.5,147.5
2020-05-01,150.9,90.2,117.5,1019.0,1025.0,152.7,200.05,22875.76,19246.54,22859.87,-3613.32,48450.0,75.64,404111.06666666665,3789.7833333333333,1010.445,-2814.8416666666667,-35.50166666666675,4099.5,149.70000000000002,149.29999999999998,149.9,149.73333333333335,148.73333333333332,147.20000000000002,1010.3333333333334,1011.0,1013.3333333333334,1010.0,1000.3333333333334,987.6666666666666,1016.0,1016.6666666666666,1018.6666666666666,1015.3333333333334,1006.0,994.0,151.13333333333333,150.96666666666667,153.0,153.46666666666667,152.16666666666666,149.5
2020-06-01,151.8,107.9,119.3,1018.0,1024.0,154.0,-914.4,22458.12,22033.15,21323.55,709.6,48471.2,75.53,400207.06666666665,2881.816666666667,975.9483333333333,-2183.8633333333332,-277.9933333333334,3920.3333333333335,150.29999999999998,149.70000000000002,149.29999999999998,149.9,149.73333333333335,148.73333333333332,1013.3333333333334,1010.3333333333334,1011.0,1013.3333333333334,1010.0,1000.3333333333334,1019.0,1016.0,1016.6666666666666,1018.6666666666666,1015.3333333333334,1006.0,151.86666666666667,151.13333333333333,150.96666666666667,153.0,153.46666666666667,152.16666666666666
2020-07-01,153.9,117.9,121.0,1021.0,1028.0,157.0,3583.53,22466.93,23782.41,29116.06,-5333.66,60400.0,74.77,392345.125,2553.8733333333334,926.0649999999999,-2444.883333333333,-817.0716666666667,2878.1666666666665,151.36666666666667,150.29999999999998,149.70000000000002,149.29999999999998,149.9,149.73333333333335,1017.0,1013.3333333333334,1010.3333333333334,1011.0,1013.3333333333334,1010.0,1022.6666666666666,1019.0,1016.0,1016.6666666666666,1018.6666666666666,1015.3333333333334,153.5666666666667,151.86666666666667,151.13333333333333,150.96666666666667,153.0,153.46666666666667
2020-08-01,154.7,117.2,122.0,1026.0,1033.0,158.0,18247.37,22468.26,22829.29,31034.01,-8204.72,56400.0,73.6,387745.2166666666,5000.3550000000005,787.5016666666666,-1362.3,2850.556666666667,2474.1666666666665,152.20000000000002,151.36666666666667,150.29999999999998,149.70000000000002,149.29999999999998,149.9,1019.3333333333334,1017.0,1013.3333333333334,1010.3333333333334,1011.0,1013.3333333333334,1025.6666666666667,1022.6666666666666,1019.0,1016.0,1016.6666666666666,1018.6666666666666,154.5666666666667,153.5666666666667,151.86666666666667,151.13333333333333,150.96666666666667,153.0
2020-09-01,156.4,124.1,122.9,1037.0,1043.0,161.4,2593.58,22291.43,27559.04,30518.35,-2959.31,84525.0,73.8,390709.07499999995,4863.841666666667,881.0883333333333,1273.2183333333332,5255.9766666666665,2105.1666666666665,153.46666666666667,152.20000000000002,151.36666666666667,150.29999999999998,149.70000000000002,149.29999999999998,1021.6666666666666,1019.3333333333334,1017.0,1013.3333333333334,1010.3333333333334,1011.0,1028.3333333333333,1025.6666666666667,1022.6666666666666,1019.0,1016.0,1016.6666666666666,156.33333333333334,154.5666666666667,153.5666666666667,151.86666666666667,151.13333333333333,150.96666666666667
2020-10-01,158.4,129.6,123.6,1052.0,1057.0,164.7,3971.04,21958.27,24920.41,34073.84,-9153.43,74710.0,73.97,384523.26666666666,5456.09,842.5666666666666,1891.3516666666667,6504.88,2278.0,155.0,153.46666666666667,152.20000000000002,151.36666666666667,150.29999999999998,149.70000000000002,1028.0,1021.6666666666666,1019.3333333333334,1017.0,1013.3333333333334,1010.3333333333334,1034.6666666666667,1028.3333333333333,1025.6666666666667,1022.6666666666666,1019.0,1016.0,158.79999999999998,156.33333333333334,154.5666666666667,153.5666666666667,151.86666666666667,151.13333333333333
2020-11-01,158.9,126.7,125.1,1060.0,1065.0,165.4,7169.64,21925.48,23619.95,33812.29,-10192.34,64824.33,73.8,375744.7833333334,6667.59,892.4699999999998,3806.3566666666666,9581.481666666667,2370.3333333333335,156.5,155.0,153.46666666666667,152.20000000000002,151.36666666666667,150.29999999999998,1038.3333333333333,1028.0,1021.6666666666666,1019.3333333333334,1017.0,1013.3333333333334,1044.3333333333333,1034.6666666666667,1028.3333333333333,1025.6666666666667,1022.6666666666666,1019.0,161.36666666666665,158.79999999999998,156.33333333333334,154.5666666666667,153.5666666666667,151.86666666666667
2020-12-01,157.3,137.4,125.4,1047.0,1053.0,161.0,6239.35,22127.57,27216.29,42934.54,-15718.25,65326.47,73.05,371361.9083333334,7845.243333333335,877.8316666666665,4702.4783333333335,11669.894999999999,2699.0,157.9,156.5,155.0,153.46666666666667,152.20000000000002,151.36666666666667,1049.6666666666667,1038.3333333333333,1028.0,1021.6666666666666,1019.3333333333334,1017.0,1055.0,1044.3333333333333,1034.6666666666667,1028.3333333333333,1025.6666666666667,1022.6666666666666,163.83333333333334,161.36666666666665,158.79999999999998,156.33333333333334,154.5666666666667,153.5666666666667
2021-01-01,156.3,136.6,126.5,1038.0,1045.0,157.6,1481.65,21505.96,27538.28,42030.07,-14491.79,56300.0,72.95,377334.35833333334,7452.018333333334,834.92,5660.1483333333335,12277.251666666665,2965.0,158.20000000000002,157.9,156.5,155.0,153.46666666666667,152.20000000000002,1053.0,1049.6666666666667,1038.3333333333333,1028.0,1021.6666666666666,1019.3333333333334,1058.3333333333333,1055.0,1044.3333333333333,1034.6666666666667,1028.3333333333333,1025.6666666666667,163.70000000000002,163.83333333333334,161.36666666666665,158.79999999999998,156.33333333333334,154.5666666666667
2021-02-01,156.6,129.9,128.1,1037.0,1044.0,156.9,441.62,22093.46,27633.25,40748.65,-13115.4,80270.0,73.04,380376.3833333333,4632.536666666668,983.0633333333332,5077.841666666666,8727.32,3102.6666666666665,157.5,158.20000000000002,157.9,156.5,155.0,153.46666666666667,1048.3333333333333,1053.0,1049.6666666666667,1038.3333333333333,1028.0,1021.6666666666666,1054.3333333333333,1058.3333333333333,1055.0,1044.3333333333333,1034.6666666666667,1028.3333333333333,161.33333333333334,163.70000000000002,163.83333333333334,161.36666666666665,158.79999999999998,156.33333333333334
2021-03-01,156.8,145.6,129.9,1035.0,1043.0,156.7,755.27,20473.08,35256.6,48898.86,-13642.26,108412.0,73.5,380720.4166666667,4290.683333333334,947.5933333333332,4749.583333333333,8092.676666666666,3771.0,156.73333333333335,157.5,158.20000000000002,157.9,156.5,155.0,1040.6666666666667,1048.3333333333333,1053.0,1049.6666666666667,1038.3333333333333,1028.0,1047.3333333333333,1054.3333333333333,1058.3333333333333,1055.0,1044.3333333333333,1034.6666666666667,158.5,161.33333333333334,163.70000000000002,163.83333333333334,161.36666666666665,158.79999999999998
2021-04-01,157.8,126.1,132.0,1041.0,1049.0,158.0,2398.37,20027.35,30750.58,46044.08,-15293.5,9150.0,74.02,379842.8416666666,4205.695000000001,1124.715,4157.419999999999,7238.401666666666,3886.0,156.56666666666666,156.73333333333335,157.5,158.20000000000002,157.9,156.5,1036.6666666666667,1040.6666666666667,1048.3333333333333,1053.0,1049.6666666666667,1038.3333333333333,1044.0,1047.3333333333333,1054.3333333333333,1058.3333333333333,1055.0,1044.3333333333333,157.0666666666667,158.5,161.33333333333334,163.70000000000002,163.83333333333334,161.36666666666665
2021-05-01,160.4,115.1,132.9,1049.0,1057.0,160.7,8801.57,19876.3,32298.98,38834.64,-6535.66,50550.0,72.52,382436.3666666667,4593.755000000001,1240.7849999999999,2496.971666666667,5849.943333333334,3668.1666666666665,157.06666666666666,156.56666666666666,156.73333333333335,157.5,158.20000000000002,157.9,1037.6666666666667,1036.6666666666667,1040.6666666666667,1048.3333333333333,1053.0,1049.6666666666667,1045.3333333333333,1044.0,1047.3333333333333,1054.3333333333333,1058.3333333333333,1055.0,157.20000000000002,157.0666666666667,158.5,161.33333333333334,163.70000000000002,163.83333333333334
2021-06-01,161.3,122.8,133.7,1057.0,1065.0,162.6,354.15,19698.7,32493.0,42098.26,-9605.27,84850.0,74.35,384258.5,3831.278333333334,1459.175,1280.3916666666667,3652.4966666666674,3416.6666666666665,158.33333333333334,157.06666666666666,156.56666666666666,156.73333333333335,157.5,158.20000000000002,1041.6666666666667,1037.6666666666667,1036.6666666666667,1040.6666666666667,1048.3333333333333,1053.0,1049.6666666666667,1045.3333333333333,1044.0,1047.3333333333333,1054.3333333333333,1058.3333333333333,158.46666666666667,157.20000000000002,157.0666666666667,158.5,161.33333333333334,163.70000000000002
2021-07-01,162.5,131.5,135.0,1061.0,1070.0,164.0,1552.1,19598.51,35512.82,46146.97,-10634.16,49300.0,74.39,384980.125,3950.9483333333337,1567.0999999999997,-25.653333333333308,2358.1933333333336,3365.0,159.83333333333334,158.33333333333334,157.06666666666666,156.56666666666666,156.73333333333335,157.5,1049.0,1041.6666666666667,1037.6666666666667,1036.6666666666667,1040.6666666666667,1048.3333333333333,1057.0,1049.6666666666667,1045.3333333333333,1044.0,1047.3333333333333,1054.3333333333333,160.4333333333333,158.46666666666667,157.20000000000002,157.0666666666667,158.5,161.33333333333334
2021-08-01,162.9,132.4,136.2,1066.0,1074.0,163.9,5114.58,19331.06,33380.73,45092.86,-11712.13,44300.0,73.15,385088.77499999997,4654.556666666667,1491.8816666666664,149.84166666666667,3312.515,3410.0,161.4,159.83333333333334,158.33333333333334,157.06666666666666,156.56666666666666,156.73333333333335,1055.6666666666667,1049.0,1041.6666666666667,1037.6666666666667,1036.6666666666667,1040.6666666666667,1064.0,1057.0,1049.6666666666667,1045.3333333333333,1044.0,1047.3333333333333,162.4333333333333,160.4333333333333,158.46666666666667,157.20000000000002,157.0666666666667,158.5
2021-09-01,163.2,129.5,137.4,1067.0,1076.0,164.0,2030.58,18950.0,33814.61,56286.42,-22471.81,70821.73,74.26,386190.075,5022.866666666668,1647.638333333333,713.25,4088.475,2541.6666666666665,162.23333333333335,161.4,159.83333333333334,158.33333333333334,157.06666666666666,156.56666666666666,1061.3333333333333,1055.6666666666667,1049.0,1041.6666666666667,1037.6666666666667,1036.6666666666667,1069.6666666666667,1064.0,1057.0,1049.6666666666667,1045.3333333333333,1044.0,163.5,162.4333333333333,160.4333333333333,158.46666666666667,157.20000000000002,157.0666666666667
2021-10-01,165.5,135.0,140.7,1081.0,1090.0,167.7,1015.88,18805.15,35727.73,53638.25,-17910.52,59449.23,74.79,386928.6666666667,4744.400000000001,1599.5866666666668,690.3666666666667,3835.1766666666667,2311.0,162.86666666666665,162.23333333333335,161.4,159.83333333333334,158.33333333333334,157.06666666666666,1064.6666666666667,1061.3333333333333,1055.6666666666667,1049.0,1041.6666666666667,1037.6666666666667,1073.3333333333333,1069.6666666666667,1064.0,1057.0,1049.6666666666667,1045.3333333333333,163.96666666666667,163.5,162.4333333333333,160.4333333333333,158.46666666666667,157.20000000000002
2021-11-01,166.7,128.0,143.7,1092.0,1101.0,169.7,2192.25,18672.91,31795.05,53025.07,-21230.02,37825.0,75.09,386871.3,3573.9716666666677,1530.7133333333331,503.8783333333333,2547.1349999999998,2587.8333333333335,163.86666666666667,162.86666666666665,162.23333333333335,161.4,159.83333333333334,158.33333333333334,1071.3333333333333,1064.6666666666667,1061.3333333333333,1055.6666666666667,1049.0,1041.6666666666667,1080.0,1073.3333333333333,1069.6666666666667,1064.0,1057.0,1049.6666666666667,165.20000000000002,163.96666666666667,163.5,162.4333333333333,160.4333333333333,158.46666666666667
2021-12-01,166.2,138.8,143.3,1097.0,1106.0,168.2,1350.52,18154.37,39270.2,60329.77,-21059.57,60062.0,74.3,382529.76666666666,3623.2683333333334,1413.9499999999998,-327.3583333333334,1881.9583333333333,3265.1666666666665,165.13333333333333,163.86666666666667,162.86666666666665,162.23333333333335,161.4,159.83333333333334,1080.0,1071.3333333333333,1064.6666666666667,1061.3333333333333,1055.6666666666667,1049.0,1089.0,1080.0,1073.3333333333333,1069.6666666666667,1064.0,1057.0,167.13333333333333,165.20000000000002,163.96666666666667,163.5,162.4333333333333,160.4333333333333
2022-01-01,165.7,139.3,143.8,1095.0,1105.0,166.4,6067.2,18089.38,35233.01,52566.77,-17333.76,79535.43,74.97,379346.325,4343.176666666667,1381.3433333333332,-796.7116666666667,2165.1216666666664,4022.6666666666665,166.13333333333333,165.13333333333333,163.86666666666667,162.86666666666665,162.23333333333335,161.4,1090.0,1080.0,1071.3333333333333,1064.6666666666667,1061.3333333333333,1055.6666666666667,1099.0,1089.0,1080.0,1073.3333333333333,1069.6666666666667,1064.0,168.53333333333333,167.13333333333333,165.20000000000002,163.96666666666667,163.5,162.4333333333333
2022-02-01,166.1,131.4,145.3,1095.0,1106.0,166.2,4657.32,17292.98,37153.99,55898.39,-18744.4,52118.0,75.49,374869.73333333334,4204.071666666668,1318.448333333333,-2245.8333333333335,639.7883333333334,3936.1666666666665,166.2,166.13333333333333,165.13333333333333,163.86666666666667,162.86666666666665,162.23333333333335,1094.6666666666667,1090.0,1080.0,1071.3333333333333,1064.6666666666667,1061.3333333333333,1104.0,1099.0,1089.0,1080.0,1073.3333333333333,1069.6666666666667,168.1,168.53333333333333,167.13333333333333,165.20000000000002,163.96666666666667,163.5
2022-03-01,167.7,148.8,148.9,1098.0,1109.0,168.4,3051.98,16918.12,44573.71,63090.56,-18516.85,103665.0,75.81,371754.8083333333,4348.886666666667,1293.0316666666665,-3509.456666666667,-453.6000000000001,4106.0,166.0,166.2,166.13333333333333,165.13333333333333,163.86666666666667,162.86666666666665,1095.6666666666667,1094.6666666666667,1090.0,1080.0,1071.3333333333333,1064.6666666666667,1105.6666666666667,1104.0,1099.0,1089.0,1080.0,1073.3333333333333,166.93333333333334,168.1,168.53333333333333,167.13333333333333,165.20000000000002,163.96666666666667
2022-04-01,170.1,134.5,152.3,1108.0,1119.0,170.8,5325.85,16134.74,39698.17,58057.7,-18359.53,9500.0,76.42,369375.0333333334,4964.096666666667,1189.9133333333332,-3831.351666666667,-57.16833333333337,3943.1666666666665,166.5,166.0,166.2,166.13333333333333,165.13333333333333,163.86666666666667,1096.0,1095.6666666666667,1094.6666666666667,1090.0,1080.0,1071.3333333333333,1106.6666666666667,1105.6666666666667,1104.0,1099.0,1089.0,1080.0,167.0,166.93333333333334,168.1,168.53333333333333,167.13333333333333,165.20000000000002
2022-05-01,171.7,137.8,155.0,1119.0,1131.0,173.3,5311.4,15910.4,39003.62,61126.44,-22122.82,35290.0,77.66,368738.52499999997,5416.27,1122.2266666666665,-4586.413333333333,-292.37333333333333,3796.0,167.96666666666667,166.5,166.0,166.2,166.13333333333333,165.13333333333333,1100.3333333333333,1096.0,1095.6666666666667,1094.6666666666667,1090.0,1080.0,1111.3333333333333,1106.6666666666667,1105.6666666666667,1104.0,1099.0,1089.0,168.46666666666667,167.0,166.93333333333334,168.1,168.53333333333333,167.13333333333333
2022-06-01,172.6,138.3,155.4,1125.0,1137.0,174.9,2755.21,15680.64,42279.52,64352.76,-22073.24,65450.0,78.94,372484.14166666666,5585.998333333334,1057.8383333333331,-4974.208333333333,-446.05166666666673,3186.0,169.83333333333331,167.96666666666667,166.5,166.0,166.2,166.13333333333333,1108.3333333333333,1100.3333333333333,1096.0,1095.6666666666667,1094.6666666666667,1090.0,1119.6666666666667,1111.3333333333333,1106.6666666666667,1105.6666666666667,1104.0,1099.0,170.83333333333334,168.46666666666667,167.0,166.93333333333334,168.1,168.53333333333333
2022-07-01,173.4,134.4,154.0,1131.0,1143.0,175.0,3893.28,15877.96,38335.8,63771.39,-25435.59,52990.0,79.42,368875.05000000005,5189.931666666667,1024.0916666666665,-4173.546666666667,-7.710000000000036,2292.1666666666665,171.46666666666667,169.83333333333331,167.96666666666667,166.5,166.0,166.2,1117.3333333333333,1108.3333333333333,1100.3333333333333,1096.0,1095.6666666666667,1094.6666666666667,1129.0,1119.6666666666667,1111.3333333333333,1106.6666666666667,1105.6666666666667,1104.0,173.0,170.83333333333334,168.46666666666667,167.0,166.93333333333334,168.1
2022-08-01,174.3,131.5,153.2,1140.0,1152.0,176.3,748.31,16017.67,37017.74,61879.15,-24861.41,59526.0,79.72,376446.9666666666,4656.526666666668,1142.1883333333333,-1986.011666666667,1528.3249999999998,2216.6666666666665,172.5666666666667,171.46666666666667,169.83333333333331,167.96666666666667,166.5,166.0,1125.0,1117.3333333333333,1108.3333333333333,1100.3333333333333,1096.0,1095.6666666666667,1137.0,1129.0,1119.6666666666667,1111.3333333333333,1106.6666666666667,1105.6666666666667,174.4,173.0,170.83333333333334,168.46666666666667,167.0,166.93333333333334
2022-09-01,175.3,133.8,151.9,1149.0,1161.0,177.8,1567.37,16008.4,35390.8,63372.11,-27981.31,53591.02,81.55,384542.60000000003,4226.591666666667,959.6883333333332,-1349.7033333333334,1917.1966666666667,1827.8333333333333,173.4333333333333,172.5666666666667,171.46666666666667,169.83333333333331,167.96666666666667,166.5,1132.0,1125.0,1117.3333333333333,1108.3333333333333,1100.3333333333333,1096.0,1144.0,1137.0,1129.0,1119.6666666666667,1111.3333333333333,1106.6666666666667,175.4,174.4,173.0,170.83333333333334,168.46666666666667,167.0
2022-10-01,176.7,129.5,152.9,1159.0,1170.0,179.6,1167.66,16104.43,31601.79,57910.5,-26308.71,70450.0,82.39,385931.3666666667,3531.001666666667,957.1299999999998,-608.5,1965.37,2005.8333333333333,174.33333333333334,173.4333333333333,172.5666666666667,171.46666666666667,169.83333333333331,167.96666666666667,1140.0,1132.0,1125.0,1117.3333333333333,1108.3333333333333,1100.3333333333333,1152.0,1144.0,1137.0,1129.0,1119.6666666666667,1111.3333333333333,176.36666666666667,175.4,174.4,173.0,170.83333333333334,168.46666666666667
2022-11-01,176.5,137.7,152.5,1167.0,1178.0,178.3,-1007.85,16719.23,34887.1,56951.41,-22064.31,57199.0,81.6,382225.30833333335,2786.4200000000005,1265.7566666666664,961.3249999999999,2481.9883333333332,2620.3333333333335,175.4333333333333,174.33333333333334,173.4333333333333,172.5666666666667,171.46666666666667,169.83333333333331,1149.3333333333333,1140.0,1132.0,1125.0,1117.3333333333333,1108.3333333333333,1161.0,1152.0,1144.0,1137.0,1129.0,1119.6666666666667,177.9,176.36666666666667,175.4,174.4,173.0,170.83333333333334
2022-12-01,175.7,145.9,150.5,1167.0,1179.0,175.9,1870.3,17558.44,38084.56,61218.76,-23134.2,53461.85,82.79,380080.4666666666,2737.378333333334,1364.1999999999998,1857.0699999999997,3230.2466666666664,2766.8333333333335,176.16666666666666,175.4333333333333,174.33333333333334,173.4333333333333,172.5666666666667,171.46666666666667,1158.3333333333333,1149.3333333333333,1140.0,1132.0,1125.0,1117.3333333333333,1169.6666666666667,1161.0,1152.0,1144.0,1137.0,1129.0,178.5666666666667,177.9,176.36666666666667,175.4,174.4,173.0
2023-01-01,176.5,147.4,150.7,1170.0,1181.0,176.7,3364.25,18206.71,35799.38,52826.38,-17027.0,51846.0,81.74,378357.5833333333,2654.6200000000003,1369.6133333333335,1313.34,2598.3433333333332,2627.0,176.29999999999998,176.16666666666666,175.4333333333333,174.33333333333334,173.4333333333333,172.5666666666667,1164.3333333333333,1158.3333333333333,1149.3333333333333,1140.0,1132.0,1125.0,1175.6666666666667,1169.6666666666667,1161.0,1152.0,1144.0,1137.0,177.9333333333333,178.5666666666667,177.9,176.36666666666667,175.4,174.4
2023-02-01,176.8,139.3,150.9,1171.0,1182.0,176.6,1716.48,18402.31,37013.7,53581.5,-16567.8,77192.0,82.68,370766.4666666666,2803.266666666667,1356.8983333333333,35.27999999999978,1481.6466666666668,2421.8333333333335,176.23333333333335,176.29999999999998,176.16666666666666,175.4333333333333,174.33333333333334,173.4333333333333,1168.0,1164.3333333333333,1158.3333333333333,1149.3333333333333,1140.0,1132.0,1179.3333333333333,1175.6666666666667,1169.6666666666667,1161.0,1152.0,1144.0,176.96666666666667,177.9333333333333,178.5666666666667,177.9,176.36666666666667,175.4
2023-03-01,177.2,151.7,151.0,1175.0,1186.0,177.0,1274.04,19363.3,41957.82,60920.8,-18962.98,171895.67,82.22,362903.44999999995,2774.401666666667,1376.9216666666664,491.0599999999998,1888.54,2610.3333333333335,176.33333333333334,176.23333333333335,176.29999999999998,176.16666666666666,175.4333333333333,174.33333333333334,1169.3333333333333,1168.0,1164.3333333333333,1158.3333333333333,1149.3333333333333,1140.0,1180.6666666666667,1179.3333333333333,1175.6666666666667,1169.6666666666667,1161.0,1152.0,176.4,176.96666666666667,177.9333333333333,178.5666666666667,177.9,176.36666666666667
2023-04-01,178.1,140.7,151.1,1180.0,1192.0,177.9,2758.1,19687.33,34618.45,49055.63,-14437.18,22300.0,81.78,370970.8333333333,3063.438333333334,1400.885,746.4899999999998,2409.0433333333335,3265.3333333333335,176.83333333333334,176.33333333333334,176.23333333333335,176.29999999999998,176.16666666666666,175.4333333333333,1172.0,1169.3333333333333,1168.0,1164.3333333333333,1158.3333333333333,1149.3333333333333,1183.0,1180.6666666666667,1179.3333333333333,1175.6666666666667,1169.6666666666667,1161.0,176.76666666666665,176.4,176.96666666666667,177.9333333333333,178.5666666666667,177.9
2023-05-01,179.1,145.6,149.4,1186.0,1197.0,179.1,664.93,19887.24,34953.43,57478.35,-22524.92,77500.01,82.68,382843.45,3048.231666666667,1106.8816666666664,954.8116666666665,2896.161666666667,3672.8333333333335,177.36666666666667,176.83333333333334,176.33333333333334,176.23333333333335,176.29999999999998,176.16666666666666,1175.3333333333333,1172.0,1169.3333333333333,1168.0,1164.3333333333333,1158.3333333333333,1186.6666666666667,1183.0,1180.6666666666667,1179.3333333333333,1175.6666666666667,1169.6666666666667,177.16666666666666,176.76666666666665,176.4,176.96666666666667,177.9333333333333,178.5666666666667
2023-06-01,181.0,143.9,148.9,1196.0,1207.0,183.1,1304.8,20484.67,34324.89,53512.86,-19187.97,67900.0,82.04,395099.925,2780.231666666667,933.13,2344.438333333333,4191.540000000001,4538.0,178.13333333333333,177.36666666666667,176.83333333333334,176.33333333333334,176.23333333333335,176.29999999999998,1180.3333333333333,1175.3333333333333,1172.0,1169.3333333333333,1168.0,1164.3333333333333,1191.6666666666667,1186.6666666666667,1183.0,1180.6666666666667,1179.3333333333333,1175.6666666666667,178.0,177.16666666666666,176.76666666666665,176.4,176.96666666666667,177.9333333333333
2023-07-01,186.3,142.7,152.1,1215.0,1226.0,193.5,-925.12,20808.03,34489.89,53485.93,-18996.03,58030.0,82.25,408546.3333333333,2165.3766666666675,1033.1699999999998,3541.906666666666,4674.116666666667,4668.333333333333,179.4,178.13333333333333,177.36666666666667,176.83333333333334,176.33333333333334,176.23333333333335,1187.3333333333333,1180.3333333333333,1175.3333333333333,1172.0,1169.3333333333333,1168.0,1198.6666666666667,1191.6666666666667,1186.6666666666667,1183.0,1180.6666666666667,1179.3333333333333,180.0333333333333,178.0,177.16666666666666,176.76666666666665,176.4,176.96666666666667
2023-08-01,186.2,145.8,152.5,1224.0,1234.0,192.5,-539.85,20915.04,38284.78,62298.15,-24013.37,62280.0,82.68,422801.99166666664,1811.781666666667,1055.6299999999999,4077.1949999999997,4833.348333333334,5022.333333333333,182.13333333333333,179.4,178.13333333333333,177.36666666666667,176.83333333333334,176.33333333333334,1199.0,1187.3333333333333,1180.3333333333333,1175.3333333333333,1172.0,1169.3333333333333,1210.0,1198.6666666666667,1191.6666666666667,1186.6666666666667,1183.0,1180.6666666666667,185.23333333333335,180.0333333333333,178.0,177.16666666666666,176.76666666666665,176.4
2023-09-01,184.1,142.3,151.8,1226.0,1237.0,189.0,630.69,21283.78,34407.98,54485.03,-20077.05,70012.01,83.06,432559.675,1733.033333333334,1084.1066666666666,3446.2233333333334,4095.15,4843.0,184.5,182.13333333333333,179.4,178.13333333333333,177.36666666666667,176.83333333333334,1211.6666666666667,1199.0,1187.3333333333333,1180.3333333333333,1175.3333333333333,1172.0,1222.3333333333333,1210.0,1198.6666666666667,1191.6666666666667,1186.6666666666667,1183.0,189.69999999999996,185.23333333333335,180.0333333333333,178.0,177.16666666666666,176.76666666666665
2023-10-01,185.3,144.9,152.5,1241.0,1251.0,190.9,3805.45,21427.21,33433.54,63862.25,-30428.71,67383.52,83.27,431217.8,1960.4500000000007,1136.965,2806.861666666666,3630.3466666666677,4073.3333333333335,185.53333333333333,184.5,182.13333333333333,179.4,178.13333333333333,177.36666666666667,1221.6666666666667,1211.6666666666667,1199.0,1187.3333333333333,1180.3333333333333,1175.3333333333333,1232.3333333333333,1222.3333333333333,1210.0,1198.6666666666667,1191.6666666666667,1186.6666666666667,191.66666666666666,189.69999999999996,185.23333333333335,180.0333333333333,178.0,177.16666666666666
2023-11-01,186.3,141.1,153.1,1253.0,1262.0,192.6,802.87,21859.71,33745.88,55062.11,-21316.23,110925.51,83.35,424788.56666666665,2008.8300000000006,1162.3549999999998,2508.848333333333,3355.3233333333337,2989.6666666666665,185.20000000000002,185.53333333333333,184.5,182.13333333333333,179.4,178.13333333333333,1230.3333333333333,1221.6666666666667,1211.6666666666667,1199.0,1187.3333333333333,1180.3333333333333,1240.6666666666667,1232.3333333333333,1222.3333333333333,1210.0,1198.6666666666667,1191.6666666666667,190.79999999999998,191.66666666666666,189.69999999999996,185.23333333333335,180.0333333333333,178.0
2023-12-01,185.7,152.3,151.8,1257.0,1267.0,191.2,-656.23,22815.31,38391.03,57151.51,-18760.48,67683.01,83.12,413283.4166666667,1899.6000000000006,1379.9666666666665,2826.4466666666667,3346.0833333333335,2520.3333333333335,185.23333333333335,185.20000000000002,185.53333333333333,184.5,182.13333333333333,179.4,1240.0,1230.3333333333333,1221.6666666666667,1211.6666666666667,1199.0,1187.3333333333333,1250.0,1240.6666666666667,1232.3333333333333,1222.3333333333333,1210.0,1198.6666666666667,190.83333333333334,190.79999999999998,191.66666666666666,189.69999999999996,185.23333333333335,180.0333333333333
2024-01-01,185.5,153.6,151.2,1258.0,1268.0,190.1,3677.19,23517.12,37323.8,53876.53,-16552.73,104021.74,83.08,402140.01666666666,2594.811666666667,1308.1266666666666,2087.8483333333334,3374.5333333333333,2608.8333333333335,185.76666666666665,185.23333333333335,185.20000000000002,185.53333333333333,184.5,182.13333333333333,1250.3333333333333,1240.0,1230.3333333333333,1221.6666666666667,1211.6666666666667,1199.0,1260.0,1250.0,1240.6666666666667,1232.3333333333333,1222.3333333333333,1210.0,191.5666666666667,190.83333333333334,190.79999999999998,191.66666666666666,189.69999999999996,185.23333333333335
2024-02-01,185.8,147.1,151.2,1258.0,1269.0,190.3,-28.03,24901.66,41405.62,60919.29,-19513.67,106259.0,82.92,395137.3833333333,2672.118333333334,1300.1299999999999,2232.0800000000004,3604.066666666667,2530.1666666666665,185.83333333333334,185.76666666666665,185.23333333333335,185.20000000000002,185.53333333333333,184.5,1256.0,1250.3333333333333,1240.0,1230.3333333333333,1221.6666666666667,1211.6666666666667,1265.6666666666667,1260.0,1250.0,1240.6666666666667,1232.3333333333333,1222.3333333333333,191.29999999999998,191.5666666666667,190.83333333333334,190.79999999999998,191.66666666666666,189.69999999999996
2024-03-01,185.8,160.0,151.4,1259.0,1270.0,190.7,-1365.7,25733.33,83385.49,114054.27,-30668.78,192763.49,83.37,391191.52499999997,2734.856666666667,1695.6000000000001,3900.661666666667,4939.916666666667,3358.5,185.66666666666666,185.83333333333334,185.76666666666665,185.23333333333335,185.20000000000002,185.53333333333333,1257.6666666666667,1256.0,1250.3333333333333,1240.0,1230.3333333333333,1221.6666666666667,1268.0,1265.6666666666667,1260.0,1250.0,1240.6666666666667,1232.3333333333333,190.53333333333333,191.29999999999998,191.5666666666667,190.83333333333334,190.79999999999998,191.66666666666666
2024-04-01,186.7,148.0,152.9,1263.0,1275.0,191.9,1917.28,26216.43,70607.2,108976.09,-38368.89,36500.0,83.52,390832.9083333334,2373.111666666667,1648.5483333333332,3743.6200000000003,4468.181666666667,3949.0,185.70000000000002,185.66666666666666,185.83333333333334,185.76666666666665,185.23333333333335,185.20000000000002,1258.3333333333333,1257.6666666666667,1256.0,1250.3333333333333,1240.0,1230.3333333333333,1269.0,1268.0,1265.6666666666667,1260.0,1250.0,1240.6666666666667,190.36666666666667,190.53333333333333,191.29999999999998,191.5666666666667,190.83333333333334,190.79999999999998
2024-05-01,187.7,154.7,153.5,1269.0,1281.0,193.2,2341.61,26852.83,79182.51,123350.39,-44167.88,57500.0,83.3,392333.25,2752.196666666667,1771.175,2740.5183333333334,3721.536666666667,4426.666666666667,186.10000000000002,185.70000000000002,185.66666666666666,185.83333333333334,185.76666666666665,185.23333333333335,1260.0,1258.3333333333333,1257.6666666666667,1256.0,1250.3333333333333,1240.0,1271.3333333333333,1269.0,1268.0,1265.6666666666667,1260.0,1250.0,190.96666666666667,190.36666666666667,190.53333333333333,191.29999999999998,191.5666666666667,190.83333333333334
2024-06-01,190.2,151.0,154.0,1280.0,1292.0,198.4,2388.75,27414.08,70325.15,111994.14,-41668.99,51821.0,83.45,402044.2833333334,3135.245000000001,1646.7249999999997,2056.091666666667,3544.606666666667,4038.8333333333335,186.73333333333332,186.10000000000002,185.70000000000002,185.66666666666666,185.83333333333334,185.76666666666665,1263.6666666666667,1260.0,1258.3333333333333,1257.6666666666667,1256.0,1250.3333333333333,1275.3333333333333,1271.3333333333333,1269.0,1268.0,1265.6666666666667,1260.0,191.9333333333333,190.96666666666667,190.36666666666667,190.53333333333333,191.29999999999998,191.5666666666667
2024-07-01,193.0,149.8,155.3,1290.0,1302.0,203.3,-2542.11,28572.43,69414.39,118947.08,-49532.7,68382.88,83.74,415578.2583333333,2442.313333333334,1990.343333333333,3052.5750000000007,3504.5416666666674,4120.666666666667,188.20000000000002,186.73333333333332,186.10000000000002,185.70000000000002,185.66666666666666,185.83333333333334,1270.6666666666667,1263.6666666666667,1260.0,1258.3333333333333,1257.6666666666667,1256.0,1282.6666666666667,1275.3333333333333,1271.3333333333333,1269.0,1268.0,1265.6666666666667,194.5,191.9333333333333,190.96666666666667,190.36666666666667,190.53333333333333,191.29999999999998
2024-08-01,193.0,145.8,154.4,1297.0,1309.0,202.7,1187.99,29204.06,68964.43,137019.61,-68055.17,89190.0,83.87,426090.4666666666,2836.915000000001,2182.275,3144.606666666667,3799.2466666666674,4722.833333333333,190.29999999999998,188.20000000000002,186.73333333333332,186.10000000000002,185.70000000000002,185.66666666666666,1279.6666666666667,1270.6666666666667,1263.6666666666667,1260.0,1258.3333333333333,1257.6666666666667,1291.6666666666667,1282.6666666666667,1275.3333333333333,1271.3333333333333,1269.0,1268.0,198.29999999999998,194.5,191.9333333333333,190.96666666666667,190.36666666666667,190.53333333333333
2024-09-01,194.2,146.9,154.7,1304.0,1316.0,204.8,-960.09,31080.27,68606.87,117439.25,-48832.38,82243.0,83.79,427595.67500000005,2651.5000000000005,1929.2583333333332,3465.798333333334,4188.040000000001,4240.666666666667,192.0666666666667,190.29999999999998,188.20000000000002,186.73333333333332,186.10000000000002,185.70000000000002,1289.0,1279.6666666666667,1270.6666666666667,1263.6666666666667,1260.0,1258.3333333333333,1301.0,1291.6666666666667,1282.6666666666667,1275.3333333333333,1271.3333333333333,1269.0,201.46666666666667,198.29999999999998,194.5,191.9333333333333,190.96666666666667,190.36666666666667
2024-10-01,196.8,150.3,156.7,1315.0,1326.0,209.4,49.84,31871.04,77946.67,130139.03,-52192.36,84842.0,84.09,433190.89166666666,2436.153333333334,2025.153333333333,2091.883333333334,2502.881666666667,4443.0,193.39999999999998,192.0666666666667,190.29999999999998,188.20000000000002,186.73333333333332,186.10000000000002,1297.0,1289.0,1279.6666666666667,1270.6666666666667,1263.6666666666667,1260.0,1309.0,1301.0,1291.6666666666667,1282.6666666666667,1275.3333333333333,1271.3333333333333,203.60000000000002,201.46666666666667,198.29999999999998,194.5,191.9333333333333,190.96666666666667
2024-11-01,196.5,148.1,156.4,1320.0,1331.0,208.4,-2677.92,32040.0,63913.91,127857.02,-63943.11,55006.0,84.5,440049.56666666665,1740.6400000000006,2166.23,2019.1683333333337,1593.5783333333336,4246.5,194.66666666666666,193.39999999999998,192.0666666666667,190.29999999999998,188.20000000000002,186.73333333333332,1305.3333333333333,1297.0,1289.0,1279.6666666666667,1270.6666666666667,1263.6666666666667,1317.0,1309.0,1301.0,1291.6666666666667,1282.6666666666667,1275.3333333333333,205.63333333333333,203.60000000000002,201.46666666666667,198.29999999999998,194.5,191.9333333333333
2024-12-01,195.4,158.0,155.7,1320.0,1331.0,205.9,-148.29,32198.08,75606.41,116957.62,-41351.21,88662.0,85.62,442271.56666666665,1466.3116666666674,2314.741666666667,1413.0033333333338,564.5733333333337,5367.666666666667,195.83333333333334,194.66666666666666,193.39999999999998,192.0666666666667,190.29999999999998,188.20000000000002,1313.0,1305.3333333333333,1297.0,1289.0,1279.6666666666667,1270.6666666666667,1324.3333333333333,1317.0,1309.0,1301.0,1291.6666666666667,1282.6666666666667,207.53333333333333,205.63333333333333,203.60000000000002,201.46666666666667,198.29999999999998,194.5
2025-01-01,193.4,161.6,155.0,1316.0,1328.0,200.9,1980.33,32754.06,72689.78,118860.67,-46170.89,111673.15,86.64,441866.9166666667,2067.1700000000005,2161.86,-658.878333333333,-753.568333333333,5437.166666666667,196.23333333333335,195.83333333333334,194.66666666666666,193.39999999999998,192.0666666666667,190.29999999999998,1318.3333333333333,1313.0,1305.3333333333333,1297.0,1289.0,1279.6666666666667,1329.3333333333333,1324.3333333333333,1317.0,1309.0,1301.0,1291.6666666666667,207.9,207.53333333333333,205.63333333333333,203.60000000000002,201.46666666666667,198.29999999999998
2025-02-01,192.5,151.1,154.9,1309.0,1321.0,197.6,-808.09,32492.04,73639.12,101927.34,-28288.22,122593.06,87.4,441001.1583333334,1917.6966666666674,2345.0666666666666,-2048.726666666666,-2476.0983333333334,4923.0,195.1,196.23333333333335,195.83333333333334,194.66666666666666,193.39999999999998,192.0666666666667,1318.6666666666667,1318.3333333333333,1313.0,1305.3333333333333,1297.0,1289.0,1330.0,1329.3333333333333,1324.3333333333333,1317.0,1309.0,1301.0,205.0666666666667,207.9,207.53333333333333,205.63333333333333,203.60000000000002,201.46666666666667
2025-03-01,192.0,166.3,154.8,1306.0,1319.0,196.2,-437.84,32809.42,83935.38,127014.28,-43078.91,224897.11,85.58,448551.5333333334,2274.103333333334,2614.433333333333,-3021.2749999999996,-3361.605,5956.666666666667,193.76666666666665,195.1,196.23333333333335,195.83333333333334,194.66666666666666,193.39999999999998,1315.0,1318.6666666666667,1318.3333333333333,1313.0,1305.3333333333333,1297.0,1326.6666666666667,1330.0,1329.3333333333333,1324.3333333333333,1317.0,1309.0,201.4666666666667,205.0666666666667,207.9,207.53333333333333,205.63333333333333,203.60000000000002
2025-04-01,192.6,151.8,154.2,1307.0,1320.0,196.0,3944.6,33080.99,76679.88,129820.87,-53141.0,53870.0,85.05,465298.5416666667,3161.060000000001,2852.265,-1716.3466666666664,-1407.55,5526.333333333333,192.63333333333333,193.76666666666665,195.1,196.23333333333335,195.83333333333334,194.66666666666666,1310.3333333333333,1315.0,1318.6666666666667,1318.3333333333333,1313.0,1305.3333333333333,1322.6666666666667,1326.6666666666667,1330.0,1329.3333333333333,1324.3333333333333,1317.0,198.23333333333335,201.4666666666667,205.0666666666667,207.9,207.53333333333333,205.63333333333333
